{"cameraMode":{"drawMode":0,"name":"Shaded","section":"Shading Mode"},"sceneLighting":false,"audioPlay":false,"sceneViewState":{"showFog":true,"showMaterialUpdate":false,"showSkybox":false,"showFlares":true,"showImageEffects":true,"showParticleSystems":true},"in2DMode":false,"pivot":{"x":0.21250057220458985,"y":11.230030059814454,"z":-3.408313751220703},"rotation":{"x":-0.13547751307487489,"y":-0.00950564444065094,"z":0.0013028013054281474,"w":-0.9907619953155518},"size":56.23992156982422,"orthographic":true}